P,Gender
1,F
2,F
3,M
4,M
5,M
6,M
7,M
8,M
9,M
10,M
11,F
12,F
13,M
14,M
15,F
16,F
17,F
18,F
19,M
20,M
21,M
22,F
23,M
24,F
25,M
26,F
27,M
28,F
29,F
30,M
31,M
32,F
33,M
34,M
35,M
36,F
37,M
38,F
39,F
40,M
41,M
42,M
43,M
44,M
45,M
46,M
47,M
48,M
49,M
50,F
51,M
52,M
53,F
54,M
55,M
56,F
57,M
58,M
59,M
60,M
61,F
62,M
63,M
64,M
65,M
66,M
67,M
68,M
69,F
70,F
71,M
72,M
73,M
74,M
75,F
76,M
77,M
78,F
79,M
80,M
81,F
82,F
83,M
84,M
85,M
86,M
87,M
88,M
89,F
90,F
91,F
92,F
93,F
94,F
95,M
96,M
97,M
98,M
99,M
100,M
101,M
102,F
103,M
104,M
105,M
106,M
